、	2966
の	2763
。	2507
を	2292
は	1526
に	1475
ます	1414
し	1226
が	1172
で	960
する	787
て	786
と	779
データ	572
表	565
た	499
「	484
」	444
こと	407
（	301
）	298
も	291
さ	287
な	285
です	278
ため	277
れ	267
場合	261
ある	254
い	228
や	223
キー	214
データベース	213
あり	209
番号	203
1	198
性	198
化	196
から	192
的	187
この	185
ない	177
使用	177
処理	173
正規	173
実行	172
演算	170
行	166
属性	165
でき	157
結合	154
など	153
か	152
なり	152
更新	152
,	151
トランザクション	151
として	148
いる	146
よう	143
2	142
作成	142
結果	141
列	137
システム	135
ロック	134
文	132
関数	125
もの	123
従属	123
データモデル	122
句	120
値	115
顧客	115
ませ	113
ん	113
注文	113
第	113
形	111
DBMS	101
という	99
に対して	99
商品	99
T	95
関係	94
SQL	91
指定	91
分析	90
必要	90
また	89
対象	88
ブロック	86
口座	84
図	84
概念	84
非	84
へ	81
エンティティ	81
構造	81
なる	80
存在	80
例	79
設計	79
制約	78
比較	78
主	77
定義	77
情報	77
3	76
示し	76
条件	75
すべて	74
可能	74
により	73
SELECT	72
タイプ	71
ログ	71
中	71
候補	71
索引	71
上	69
操作	69
複数	68
_	67
できる	67
れる	67
内	67
方式	67
同じ	66
発生	66
一つ	65
以下	65
名	65
格納	65
外部	64
{	63
学習	63
その	62
時	62
管理	62
多	61
まで	59
問合せ	59
業務	59
行う	59
記述	59
について	58
コミット	58
NULL	57
・	56
→	54
物理	53
論理	53
PROD	52
ば	52
円	52
間	52
}	51
①	51
バッファ	51
副	51
ID	50
者	49
重複	49
000	48
②	48
いい	48
二つ	48
表現	47
子	46
対	46
用い	46
部分	46
だけ	45
手順	45
要件	45
なく	44
アプローチ	44
なお	43
によって	43
られ	43
作業	43
機能	43
-	42
ユーザ	42
太郎	42
後	42
技術	42
構成	42
部署	42
全体	41
権限	41
障害	41
D	40
ビュー	40
分類	40
方法	40
開発	40
際	40
参照	39
預金	39
プロセス	38
一般	38
組織	38
のみ	37
もと	37
スペシャリスト	37
スーパー	37
問題	37
実現	37
左辺	37
待ち	37
表記	37
R	36
クラス	36
確認	36
③	35
オブジェクト	35
サブ	35
スキーマ	35
単位	35
関連	35
E	34
アクセス	34
リレーションシップ	34
標準	34
かけ	33
なっ	33
：	33
B	32
ので	32
チェックポイント	32
ディスク	32
デッドロック	32
一意	32
企業	32
前	32
右辺	32
検索	32
種類	32
設定	32
販売	32
BY	31
INSERT	31
Y	31
に関する	31
ビジネス	31
利用	31
実施	31
講師	31
領域	31
額	31
X	30
”	30
ロール	30
制御	30
書籍	30
行わ	30
ここ	29
他	29
側	29
削除	29
抽出	29
どう	28
より	28
個人	28
先	28
共通	28
学区	28
学生	28
繰り返し	28
行い	28
読み取り	28
選択	28
う	27
ごと	27
せ	27
どの	27
中心	27
回復	27
変更	27
組	27
順	27
(	26
おく	26
これ	26
アーキテクチャ	26
スコア	26
内部	26
取り出す	26
各	26
決定	26
活用	26
範囲	26
計画	26
詳細	26
あらわす	25
それぞれ	25
まし	25
ファイル	25
ルール	25
以外	25
占有	25
取得	25
いき	24
いく	24
一	24
分解	24
暗号	24
検証	24
次に	24
社員	24
科目	24
運用	24
による	23
プロジェクト	23
内容	23
取り出し	23
名称	23
完全	23
対応	23
担当	23
書式	23
法人	23
物	23
集合	23
4	22
UPDATE	22
せる	22
に対する	22
サイズ	22
一方	22
水準	22
法	22
異なり	22
装置	22
親	22
項目	22
しかし	21
付与	21
以上	21
出力	21
向上	21
実装	21
性能	21
書き込み	21
特定	21
直積	21
要素	21
試験	21
配置	21
集計	21
+	20
したがって	20
とき	20
カーソル	20
コード	20
ビット	20
モデル	20
共有	20
図示	20
成果	20
手法	20
推移	20
提供	20
明細	20
時点	20
直列	20
矢印	20
TREE	19
θ	19
④	19
おこない	19
における	19
よび	19
ソフトウェア	19
テーマ	19
一部	19
件	19
和	19
多値	19
所属	19
数量	19
整合	19
段階	19
状態	19
要求	19
述語	19
追加	19
連結	19
開始	19
10	18
CAT	18
GROUP	18
WHERE	18
いずれ	18
ましょ	18
まず	18
わかり	18
出席	18
別	18
型	18
実体	18
書	18
残し	18
満たす	18
目的	18
系	18
終了	18
組み合わせ	18
UNION	17
これら	17
といった	17
アプリケーション	17
グループ	17
具体	17
出題	17
呼び	17
変換	17
多く	17
射影	17
理解	17
異なる	17
記憶	17
評価	17
連関	17
重要	17
)	16
101	16
30	16
A	16
PRODUCTS	16
○	16
あらわし	16
および	16
その後	16
または	16
コト	16
プロトコル	16
ロギング	16
排他	16
排除	16
未	16
田中	16
相関	16
量	16
集約	16
OLAP	15
さらに	15
そして	15
もしくは	15
セキュリティ	15
ボイス・コッド	15
マップ	15
仕組み	15
例えば	15
学年	15
差	15
意味	15
指向	15
整理	15
文字	15
書き	15
検討	15
洗い出し	15
流れ	15
相当	15
確定	15
等	15
花子	15
説明	15
通常	15
適用	15
AND	14
CREATE	14
HAVING	14
ORDER	14
key	14
において	14
データウェアハウス	14
ビッグ	14
モデリング	14
モノ	14
三つ	14
体系	14
動作	14
同時	14
名前	14
含ま	14
回	14
実績	14
度	14
復帰	14
持つ	14
新た	14
筆記用具	14
箇所	14
総合	14
自明	14
自然	14
蓄積	14
規約	14
隔離	14
順番	14
CDM	13
DELETE	13
Z	13
き	13
さし	13
しまう	13
ず	13
なけれ	13
シナリオ	13
ドメイン	13
一連	13
両方	13
使い	13
同時に	13
学籍	13
必ず	13
文書	13
日	13
時刻	13
次	13
独立	13
知識	13
積	13
行っ	13
製品	13
複合	13
重度	13
高橋	13
.	12
40	12
=	12
C	12
GRANT	12
しまい	12
たり	12
とおり	12
イメージ	12
グラフ	12
レコード	12
レベル	12
一致	12
以降	12
共存	12
分割	12
受注	12
右	12
左	12
式	12
得	12
応じ	12
挿入	12
用語	12
規則	12
言語	12
記録	12
高い	12
高速	12
/	11
CRUD	11
CUST	11
すれ	11
つけ	11
なら	11
よく	11
サーバ	11
ページ	11
マイニング	11
代表	11
伝票	11
使う	11
切り出し	11
同様	11
商	11
四つ	11
多次元	11
定め	11
帳票	11
得点	11
既存	11
明確	11
期間	11
次元	11
残す	11
母親	11
注意	11
画面	11
発行	11
発見	11
相	11
票	11
維持	11
補助	11
記号	11
読み取る	11
部	11
﻿	11
JIS	10
PRICE	10
READ	10
TABLE	10
−	10
おこなう	10
おり	10
すでに	10
どちら	10
ほど	10
ケース	10
ツール	10
トップダウン	10
ファクト	10
プログラム	10
ライフサイクル	10
ロバストネス	10
上記	10
元	10
再	10
初期	10
固定	10
基	10
完了	10
容量	10
平均	10
役割	10
方	10
時間	10
様々	10
洗い出す	10
照会	10
特性	10
率	10
用いる	10
競合	10
複雑	10
解放	10
課題	10
講義	10
進め	10
5	9
ACID	9
COMMIT	9
EXISTS	9
FROM	9
JOIN	9
OR	9
ORDERS	9
あれ	9
うち	9
それ	9
たら	9
だ	9
まだ	9
まとめ	9
もつ	9
アナリシス	9
ストアドプロシージャ	9
ノード	9
バック	9
ヒット	9
フェーズ	9
マテリアライズドビュー	9
メモリー	9
不完全	9
付加	9
代数	9
価格	9
保守	9
保証	9
割り当て	9
区分	9
含む	9
失敗	9
実際	9
容易	9
年	9
形式	9
把握	9
支援	9
数値	9
新	9
本	9
構築	9
特徴	9
省略	9
等号	9
粒	9
考え	9
考慮	9
膨大	9
自己	9
記載	9
該当	9
調整	9
102	8
ALL	8
DFD	8
EA	8
EXCEPT	8
UML	8
}。	8
×	8
②」	8
あらかじめ	8
いう	8
かならず	8
でも	8
とも	8
なくなる	8
ほか	8
ダウン	8
ネットワーク	8
ファントムリード	8
ボトムアップ	8
並び	8
並列	8
主要	8
人	8
代理	8
会社	8
低下	8
何	8
保持	8
判別	8
効率	8
動的	8
呼ば	8
固有	8
埋込み	8
基本	8
売上	8
変数	8
対策	8
影響	8
待機	8
扱い	8
損失	8
数	8
最も	8
最後	8
最終	8
残高	8
氏名	8
満たさ	8
点	8
環境	8
監査	8
示す	8
章	8
簡単	8
総称	8
行え	8
製造	8
見	8
親言語	8
読み取っ	8
読み込ん	8
調達	8
通信	8
過去	8
違い	8
階層	8
頻度	8
11	7
20	7
501	7
ABC	7
CASE	7
DISTINCT	7
INTERSECT	7
ISO	7
NAME	7
RAID	7
⑤	7
おき	7
したがっ	7
つ	7
つける	7
まとめる	7
キャッシュ	7
グルーピング	7
グレード	7
タイミング	7
ダーティーリード	7
テーブル	7
データディクショナリ	7
ノンリピータブルリード	7
ポインタ	7
ロールバック	7
一貫	7
与え	7
他方	7
代用	7
企画	7
何らかの	7
個々	7
入出力	7
出庫	7
判定	7
利害	7
前提	7
前進	7
加算	7
印	7
各行	7
同	7
同士	7
基準	7
多い	7
大量	7
層	7
履歴	7
年月日	7
引き	7
後退	7
扱う	7
抽象	7
支店	7
新規	7
昇順	7
暗黙	7
最初	7
有効	7
有無	7
根元	7
汎	7
決まる	7
消費	7
現状	7
異状	7
登録	7
目	7
磁気	7
禁止	7
続け	7
網	7
繰り返す	7
解除	7
識別	7
資源	7
速度	7
限定	7
静的	7
項	7
～	7
104	6
160	6
COUNT	6
DB	6
Data	6
IEC	6
IN	6
INNER	6
IPA	6
}、{	6
①～④	6
あっ	6
ください	6
しか	6
その他	6
たい	6
ただし	6
つまり	6
べき	6
まま	6
み	6
よぶ	6
られる	6
インスタンス	6
コメント	6
テスト	6
バックアップ	6
ヒアリング	6
マネジメント	6
ユニーク	6
リポジトリシステム	6
リーフ	6
レシート	6
レジ	6
ロッキング	6
下	6
下さい	6
事業	6
仕様	6
仮想	6
使っ	6
個別	6
先行	6
入金	6
冊数	6
分け	6
判断	6
別名	6
剥奪	6
午後	6
反映	6
取引	6
合わせ	6
名詞	6
呼ぶ	6
図表	6
基底	6
基盤	6
変化	6
多数	6
大	6
大きく	6
店	6
従来	6
得る	6
戦略	6
戻す	6
持た	6
掛け	6
日本	6
書か	6
枠組み	6
検知	6
楽観	6
概要	6
残り	6
毎	6
注	6
減算	6
特に	6
現象	6
登場	6
矛盾	6
破棄	6
稼働	6
置き換え	6
行える	6
表明	6
要因	6
許可	6
調べ	6
調査	6
長方形	6
電力	6
()、	5
)」	5
13	5
COALESCE	5
COBOL	5
DML	5
DataBase	5
ETL	5
Network	5
OS	5
Oriented	5
REVOKE	5
ROLLBACK	5
SSD	5
WAL	5
[	5
join	5
suzuki	5
}」	5
①」	5
いくつ	5
うる	5
おい	5
しよ	5
せよ	5
たとえば	5
なかっ	5
ながら	5
ほぼ	5
まとまり	5
やすい	5
わけ	5
クロス	5
コンピュータ	5
サービス	5
スタンバイ	5
スター	5
ストリーム	5
セントラルウェアハウス	5
テキスト	5
デフォルト	5
フェッチ	5
フレーム	5
一覧	5
上位	5
事前	5
価値	5
入っ	5
兼務	5
分	5
分野	5
単純	5
基づい	5
多様	5
大きな	5
小さい	5
小さく	5
成功	5
戻さ	5
戻し	5
手続き	5
持ち	5
持っ	5
指標	5
挙げ	5
採用	5
攻撃	5
教材	5
文章	5
普通	5
更に	5
書き出し	5
書き換え	5
書き込ま	5
書き込む	5
最近	5
枚	5
注目	5
済み	5
満たし	5
漏れ	5
特別	5
状況	5
直接	5
着目	5
破線	5
移行	5
細分	5
考え方	5
脅威	5
自身	5
規定	5
視点	5
親子	5
解答	5
言葉	5
許さ	5
調べる	5
赤	5
起動	5
違反	5
重点	5
限り	5
高く	5
"	4
0	4
12	4
201	4
27002	4
<	4
ASC	4
COLOR	4
COMMITTED	4
CUSTOMERS	4
DA	4
ISMS	4
NOT	4
Q	4
Read	4
SLCP	4
System	4
TLS	4
TP	4
TRANSACTION	4
VEGETABLES	4
]」	4
of	4
…	4
①～②	4
●	4
「{	4
いかなる	4
いっ	4
かかっ	4
かかる	4
かける	4
くる	4
さん	4
そこで	4
そのもの	4
それら	4
でしょ	4
どれ	4
に関して	4
やすく	4
インタフェース	4
エラー	4
エンタープライズ	4
キューブ	4
クライアント	4
クラスタ	4
シラバス	4
ステークホルダ	4
ストレージ	4
スペース	4
スループット	4
データマート	4
バージョン	4
パターン	4
フロー	4
モニター	4
モード	4
リアルタイム	4
万	4
上書き	4
並べ	4
人間	4
代わり	4
代替	4
使わ	4
依存	4
係	4
保存	4
入力	4
再度	4
制限	4
効果	4
単に	4
収集	4
取り	4
取り除く	4
可否	4
各種	4
合致	4
同期	4
含め	4
回数	4
在籍	4
域	4
基幹	4
増え	4
外	4
媒体	4
完成	4
定期	4
専用	4
少ない	4
履修	4
引き出し	4
後続	4
得意	4
必ずしも	4
抑制	4
括弧	4
授業	4
接続	4
提唱	4
既定	4
明らか	4
明示	4
明記	4
有用	4
正確	4
正解	4
比べ	4
比較的	4
求め	4
求める	4
満足	4
版	4
現れ	4
用	4
用意	4
異常	4
盗難	4
目標	4
相互	4
種別	4
等しい	4
策定	4
経営	4
統一	4
線	4
縦	4
習得	4
考える	4
耐久	4
自分	4
自動	4
見つける	4
見積もり	4
覚え	4
解析	4
記入	4
負荷	4
超え	4
軸	4
連携	4
進める	4
選ん	4
金額	4
防止	4
除い	4
集	4
集まり	4
電源	4
青	4
非常	4
高次	4
'	3
'」	3
)。	3
0160	3
1112	3
1129	3
14	3
27001	3
301	3
400	3
800	3
=」	3
>	3
AA	3
ALTER	3
ANSI	3
AVG	3
Approach	3
BABOK	3
Diagram	3
IS	3
Isolation	3
JAVA	3
Language	3
NATURAL	3
NoSQL	3
Object	3
Processing	3
RDB	3
S	3
SERIALIZABLE	3
SET	3
SIZE	3
SSL	3
UNCOMMITTED	3
UNLOCK	3
Update	3
V	3
[]」	3
entity	3
||	3
}。{	3
÷	3
②①	3
「*」	3
「=」	3
あわせ	3
おおまか	3
おもに	3
さまざま	3
す	3
すばやく	3
そのまま	3
づけ	3
でし	3
ところ	3
とともに	3
ともに	3
とらえ	3
とり	3
とれ	3
どこ	3
に対し	3
に従って	3
ひとつ	3
もし	3
よって	3
わから	3
アップデート	3
アルゴリズム	3
アーキテクト	3
インプット	3
ガイド	3
コマンド	3
コンポーネント	3
サーキット	3
シーケンス	3
スケジュール	3
スマート	3
ソート	3
デュプレックス	3
ハッシュ	3
ハードウェア	3
ハードディスク	3
パフォーマンス	3
パラメータ	3
プログラミング	3
ポイント	3
ポリシー	3
マニュアル	3
マーク	3
メリット	3
メータ	3
ランダム	3
リポジトリ	3
ルート	3
ロスト	3
一元	3
一郎	3
三	3
上段	3
上流	3
不	3
不能	3
中学校	3
主導	3
事実	3
事象	3
互い	3
今	3
仕	3
付け	3
佐藤	3
作る	3
保つ	3
信頼	3
入	3
全	3
出荷	3
分岐	3
分離	3
列挙	3
利点	3
削減	3
割り当てる	3
区別	3
午前	3
原子	3
厳密	3
取り扱い	3
取り扱う	3
取り消す	3
取り除き	3
右側	3
同一	3
同名	3
同姓	3
否定	3
周辺	3
呼び出し	3
品質	3
問う	3
国際	3
型式	3
大きい	3
大別	3
契約	3
安定	3
実線	3
導入	3
少なく	3
差分	3
差異	3
常に	3
年月	3
引い	3
引き出す	3
引き続き	3
弱	3
張る	3
強	3
当	3
当たり	3
待た	3
従え	3
従事	3
情報処理	3
意思	3
意識	3
戻り	3
扱っ	3
指し	3
採掘	3
断	3
方向	3
既に	3
日本工業規格	3
普及	3
替え	3
本部	3
検出	3
極小	3
構い	3
様	3
機密	3
次郎	3
残っ	3
氏	3
決め	3
沿っ	3
洗い出さ	3
活動	3
無	3
特	3
独自	3
現在	3
理由	3
異なっ	3
真	3
知見	3
社	3
系列	3
組み入れ	3
組入れ	3
経験	3
統計	3
自動的	3
自由	3
自社	3
良い	3
表し	3
見つけ	3
設問	3
許し	3
認証	3
認識	3
読み込む	3
課	3
識別子	3
通知	3
進め方	3
過程	3
適切	3
部品	3
長く	3
開設	3
関わら	3
防ぐ	3
需要	3
面	3
音声	3
順に	3
高信頼	3
高度	3
＜	3
＝	3
＞	3
008	2
100	2
107	2
12207	2
1990	2
2012	2
500	2
6	2
8	2
999	2
<」	2
AS	2
Analysis	2
Arrays	2
Atomicity	2
BA	2
BETWEEN	2
Business	2
CEP	2
CROSS	2
Channel	2
DATE	2
DDL	2
DESC	2
DOMAIN	2
DROP	2
Disks	2
Durability	2
Entity	2
Fibre	2
File	2
H	2
II	2
IP	2
IPsec	2
ISOLATION	2
Inmon	2
KJ	2
LEVEL	2
LIKE	2
LOCK	2
Layer	2
Lost	2
MOLAP	2
OPTION	2
Online	2
PARENT	2
PDM	2
PUBLIC	2
Phantom	2
Process	2
REPEATABLE	2
ROLAP	2
Redundant	2
Relational	2
Relationship	2
SCHEMA	2
SPARC	2
SUM	2
Security	2
Software	2
Storage	2
TA	2
VIEW	2
W	2
WITH	2
XML	2
\	2
a	2
alternate	2
candidate	2
composite	2
iSCSI	2
is	2
primary	2
product	2
sato	2
super	2
surrogate	2
tc	2
transaction	2
}、	2
‘	2
’	2
“	2
①-	2
①−	2
①～③	2
②-	2
②～③	2
△	2
あえて	2
あげ	2
あたかも	2
あと	2
あらわれ	2
あるいは	2
ある程度	2
いったん	2
うけ	2
きれ	2
こう	2
こちら	2
さす	2
しまっ	2
すぎる	2
そもそも	2
それでは	2
ださ	2
つき	2
つぶやき	2
できれ	2
とある	2
とか	2
とっ	2
とりいれ	2
なし	2
なぜ	2
にあたる	2
はじめ	2
またがる	2
まったく	2
ものさし	2
やり取り	2
アメリカ	2
イベント	2
インフラ	2
ウォーム	2
エリア	2
エル	2
オプション	2
オーバー	2
オープン	2
カギ	2
カンマ	2
ガイドライン	2
クラウドコンピューティング	2
コスト	2
コントロール	2
コンパイル	2
コーポレート	2
サイト	2
サンプル	2
サークル	2
シーク	2
ストア	2
スライシング	2
センサー	2
ソフトウェアライフサイクルプロセス	2
タプル	2
ダイシング	2
チェック	2
テクノロジー	2
テープ	2
デュアル	2
データクレンジング	2
データブロック	2
データベースシステム	2
ドリル	2
ニーズ	2
バイト	2
パーティ	2
プリコンパイル	2
プリプロセッサ	2
プロシージャ	2
ヘッダ	2
ヘッド	2
ホスト	2
ホット	2
マスタ	2
マルチ	2
マルチメディア	2
メモリ	2
ユーザー	2
リスク	2
リレーショナル	2
リレーション	2
レコメンデーション	2
ロールフォワード	2
一括	2
一緒	2
上限	2
下げる	2
下位	2
下段	2
下限	2
不定	2
不正	2
不等号	2
並行	2
中流	2
中長期	2
予測	2
事項	2
互いに	2
互換	2
人工	2
他社	2
件数	2
会員	2
位置	2
低減	2
住所	2
保管	2
個	2
偏り	2
傾向	2
優先	2
先頭	2
光ディスク	2
入り	2
入れ替わっ	2
全国	2
公開	2
冊	2
冗長	2
切り出す	2
初めて	2
初回	2
判明	2
制定	2
制度	2
割り算	2
加え	2
加工	2
動向	2
勤務	2
区切り	2
協会	2
単一	2
単価	2
及び	2
取り組み	2
口コミ	2
可用性	2
各々	2
合わせる	2
合計	2
同じく	2
向け	2
呼び出す	2
呼ん	2
員	2
問	2
問わ	2
器	2
回答	2
回避	2
囲む	2
図上	2
基礎	2
場面	2
声	2
変え	2
変える	2
変わる	2
太字	2
失っ	2
失わ	2
好み	2
妨げる	2
始め	2
安い	2
安全	2
宣言	2
対応付け	2
小林	2
工程	2
左側	2
平文	2
年齢	2
度合い	2
引か	2
引出	2
引当	2
張り	2
当然	2
待つ	2
従業	2
復元	2
復旧	2
循環	2
必須	2
性別	2
悪い	2
想定	2
意図	2
意義	2
成長	2
扱え	2
技法	2
投入	2
拡張	2
探し	2
支える	2
改ざん	2
改善	2
政策	2
数学	2
方針	2
早く	2
昔	2
書き方	2
書き込ん	2
書く	2
最新	2
最適	2
期待	2
材料	2
東日本	2
構想	2
構文	2
機器	2
機構	2
欄	2
正しく	2
正常	2
決まっ	2
決める	2
法則	2
流出	2
準拠	2
災害	2
無視	2
無駄	2
特殊	2
現れる	2
現行	2
生	2
生徒	2
産業	2
用途	2
画像	2
発展	2
盗聴	2
直前	2
看板	2
知能	2
社会	2
種	2
突然	2
立案	2
策	2
算出	2
算術	2
簡易	2
簿	2
紐	2
紛失	2
組み合わせる	2
経過	2
結び	2
結びつけ	2
結びつける	2
結局	2
絞り込み	2
総	2
織り込ん	2
置き換える	2
署	2
茶	2
表れ	2
表れる	2
表側	2
表示	2
被参照	2
見出す	2
見積	2
規格	2
規模	2
解決	2
解釈	2
計算	2
設け	2
設ける	2
許容	2
詳しい	2
読む	2
誰	2
論	2
購買	2
踏まえ	2
辞典	2
近く	2
近年	2
返し	2
返す	2
逆	2
途中	2
進ま	2
進ん	2
遅く	2
違う	2
適合	2
避ける	2
部門	2
重視	2
鉛筆	2
鉱山	2
鍵	2
間隔	2
降順	2
限ら	2
除外	2
集中	2
電子	2
需給	2
頻繁	2
高	2
高まり	2
黒	2
：{	2
%	1
%　	1
'<	1
'（'	1
'）'	1
()	1
(*)	1
(<	1
)、	1
)。②	1
*。	1
+」	1
,」	1
..	1
005	1
01	1
016	1
017	1
0170	1
02	1
031	1
032	1
039	1
040	1
096	1
1000	1
103	1
150	1
15288	1
192	1
1987	1
1993	1
200	1
2003	1
2008	1
2009	1
2013	1
2014	1
25	1
3005	1
50	1
67	1
7	1
700	1
90	1
92	1
<=,	1
<>	1
<>,	1
<>」	1
<、>、<=、>=、=、<>	1
>'、「||」	1
>,	1
>=,	1
>、	1
>」	1
>）	1
AES	1
ASSERTION	1
Ahead	1
Analytical	1
Area	1
Attached	1
BEGIN	1
Body	1
CIFS	1
CLOSE	1
CLOTHES	1
COALESCHE	1
CODASYL	1
CPU	1
CURRENT	1
Cartesian	1
Codd	1
Common	1
Complex	1
Conference	1
Consistency	1
Control	1
Create	1
Cycle	1
DBA	1
DCL	1
DECLARE	1
DISCTINCT	1
DNS	1
DOA	1
Definition	1
Delete	1
Dirty	1
DoS	1
ELSE	1
EMP	1
EMPLOYEES	1
ERD	1
EXIST	1
Engineering	1
Event	1
Extract	1
F	1
FETCH	1
FOR	1
Flow	1
GPS	1
Guide	1
HDB	1
HTTP	1
Hierarchical	1
IC	1
IIBA	1
INTO	1
ISA	1
Independent	1
Inexpensive	1
Institute	1
International	1
Internet	1
Knowledge	1
L	1
Languages	1
Life	1
Loading	1
Log	1
M	1
MAX	1
MIN	1
Management	1
Manipulation	1
Materialized	1
Multi	1
NAS	1
NDB	1
NFS	1
Non	1
Not	1
OF	1
OLTP	1
ON	1
OOA	1
OODB	1
OOSE	1
OPEN	1
ORDERY	1
OUTER	1
POA	1
PRDUCTS	1
PREPARE	1
PRIVILEGES	1
Party	1
PreparedStatement	1
Private	1
Protocol	1
REDO	1
REFERENCES	1
REFFERENCES	1
REPEATBLE	1
ROLE	1
Repeatable	1
ResultSet	1
SAN	1
SCSI	1
SKU	1
SMTP	1
SNS	1
SSM	1
START	1
Schedule	1
Secure	1
Serializable	1
Socket	1
TCP	1
TO	1
TRANSACION	1
Transaction	1
Transform	1
Transport	1
True	1
U	1
UNDO	1
USB	1
VPN	1
Variety	1
Velocity	1
View	1
Virtual	1
Volume	1
Web	1
Write	1
]	1
begin	1
difference	1
dimensional	1
direct	1
division	1
end	1
equijoin	1
false	1
foreign	1
inner	1
intersection	1
mining	1
natural	1
normalization	1
on	1
only	1
outer	1
projection	1
regular	1
relationship	1
secondary	1
selection	1
strong	1
takahashi	1
td	1
the	1
theta	1
to	1
true	1
union	1
weak	1
{}」（	1
|	1
}|{	1
}→→{	1
}。「	1
}「	1
}）。	1
®	1
Ⅱ	1
−」	1
∩」	1
∪」	1
≠」	1
①∩	1
①」、「	1
①～⑤	1
②、③	1
③①	1
《	1
》	1
「'」（	1
「(	1
「*」、	1
「,」	1
「:」	1
「<,	1
「<」	1
「=」、	1
あ	1
あう	1
あくまで	1
あくまでも	1
あげる	1
あて	1
あらゆる	1
あらわさ	1
あわせる	1
いけ	1
いち早く	1
いれ	1
いわ	1
いわば	1
うまく	1
おか	1
おけ	1
おこなっ	1
お互い	1
お薦め	1
かけあう	1
かけあっ	1
かつ	1
かね	1
かも	1
かわり	1
かわる	1
がち	1
こ	1
こだわる	1
これから	1
したがえ	1
しばしば	1
しまえ	1
しれ	1
すすめ	1
すすめる	1
すべ	1
ずつ	1
そう	1
そこ	1
そこなわ	1
それほど	1
ぞ	1
たどる	1
たび	1
だっ	1
つつ	1
つない	1
つながり	1
つながる	1
つなぎ	1
づける	1
できあがり	1
できるだけ	1
とどまら	1
とらえる	1
とりあげ	1
とりそろえ	1
とりのぞい	1
とる	1
とれれ	1
と共に	1
と列	1
どういう	1
ないし	1
なおし	1
なくなり	1
なす	1
なんらかの	1
にかけて	1
にわたって	1
ね	1
のちほど	1
のに	1
はいっ	1
ふるまい	1
ほう	1
ほしい	1
ほとんど	1
まえ	1
まとまっ	1
まれ	1
みつける	1
みなし	1
もう	1
もちろん	1
もっ	1
もとづき	1
もともと	1
もどる	1
やみくも	1
よい	1
わかっ	1
わかる	1
アイコ	1
アウト	1
アウトプット	1
アクティビティ	1
アクティビティティ	1
アップ	1
アトリビュート	1
アルファベット	1
アンケート	1
インジェクション	1
インターナルノード	1
インターネット	1
インデックス	1
ウェア	1
ウエア	1
エスキューエル	1
エンジニアリング	1
オンライン	1
オーダ	1
カタログ	1
カテゴリ	1
カメラ	1
カラム	1
カーディナリティ	1
カード	1
キャッシュポイズニング	1
キャンペーン	1
クローズ	1
コマースサイト	1
コラボレーション	1
コンテキスト	1
コンパイラ	1
コールド	1
ゴール	1
サイコロ	1
サブスキーマ	1
サポート	1
サーチ	1
ザック	1
ザックマンフレームワーク	1
システムズ	1
システムライフサイクルプロセス	1
ショッピング	1
シングルクオーテーション	1
シーケンシャル	1
シータ	1
シート	1
スキル	1
スケール	1
ステート	1
スライス	1
スラッシング	1
セキュリティマネジメントシステム	1
セクション	1
セミナー	1
セル	1
センタ	1
ゼロ	1
ソフト	1
ソフトウェアシステム	1
ソフトウエア	1
ソリッドステート	1
ソーシャルネットワーキングサービス	1
ソーシャルメディア	1
ソース	1
タスク	1
ダイス	1
ダイヤグラム	1
ダウンロード	1
ダーティーブロック	1
チャート	1
ツリー	1
テクニック	1
ディメンジョンテーブル	1
ディレクトリ	1
デカルト	1
デジタルサイネージ	1
デバイス	1
データファイル	1
データマイニングツール	1
トム	1
トリガ	1
トレーニング	1
ドキュメント	1
ネーミング	1
ハイパテキスト	1
ハイパテキストデータベース	1
ハイブリッド	1
バウンダリ	1
バランス	1
パケット	1
パス	1
ビジョン	1
ファクタ	1
ファシリテータ	1
ファン	1
フォン	1
フラッシュ	1
ブレインストーミング	1
プロビジョニング	1
ベストプラクティス	1
ベンダ	1
ベン図	1
ベース	1
ボトルネック	1
マスター	1
マネージャ	1
マル	1
マン	1
ミス	1
ミドル	1
メタデータ	1
メッセージ	1
メンバ	1
メール	1
モジュール	1
モニタリング	1
モバイル	1
ユース	1
リスト	1
リストア	1
リソース	1
リファレンス	1
レプリケーション	1
レポート	1
ロールアップ	1
ロールバックデータ	1
ロールバックレコード	1
ワークショップ	1
ン	1
一定	1
一旦	1
一番	1
一種	1
七つ	1
上げ	1
上下	1
上側	1
上端	1
下線	1
下記	1
不明	1
不要	1
不足	1
与える	1
両	1
両立	1
並ん	1
中央	1
中断	1
中途半端	1
中間	1
主体	1
主管	1
予備	1
予定	1
予実	1
予想	1
予約	1
事例	1
二	1
二郎	1
交通	1
人事	1
人員	1
人的	1
今後	1
仕方	1
付き	1
以後	1
以来	1
任さ	1
任せ	1
任意	1
会	1
伴い	1
低い	1
低く	1
住ん	1
体現	1
余分	1
作っ	1
作用	1
併用	1
併記	1
使い方	1
使える	1
保た	1
保ち	1
保有	1
保留	1
信託	1
個数	1
停止	1
側面	1
偽	1
備え	1
備わっ	1
像	1
償還	1
先ほど	1
入れ	1
入れ替わる	1
入手	1
全て	1
再び	1
出	1
出来る	1
出現	1
分ける	1
分散	1
切り	1
切り取り	1
切り口	1
切り替える	1
別に	1
別途	1
刻々	1
前回	1
割合	1
割愛	1
創出	1
劣化	1
動画	1
務める	1
包含	1
区切っ	1
区切る	1
十分	1
単なる	1
単独	1
占め	1
即し	1
原因	1
厳格	1
厳選	1
参加	1
参考	1
双方	1
反射	1
取りまとめる	1
取り入れ	1
取り入れる	1
取り出さ	1
取り巻く	1
取り扱っ	1
取り込む	1
取り除か	1
取る	1
受け	1
受け渡し	1
受験	1
古い	1
可視	1
合い	1
合っ	1
合わ	1
合格	1
同等	1
名簿	1
向かう	1
周囲	1
呼称	1
問い合わせ	1
喪失	1
営利	1
噂	1
団体	1
困惑	1
国内	1
国家	1
国語	1
地域	1
埋め	1
埋め込ん	1
基づき	1
報告	1
境界	1
増し	1
増加	1
増大	1
外国	1
多大	1
多発	1
大き	1
大体	1
大切	1
大半	1
女	1
始まっ	1
始まる	1
委員	1
学	1
学期	1
守っ	1
守ら	1
守る	1
実情	1
実用	1
実践	1
家電	1
察知	1
対極	1
対比	1
対話	1
専有	1
将来	1
導き	1
導く	1
導出	1
小	1
小さ	1
小さな	1
局面	1
展開	1
属する	1
巡回	1
工数	1
左右	1
常時	1
平成	1
平行	1
年代	1
幻	1
広い	1
広く	1
広まっ	1
広範	1
広範囲	1
店舗	1
引き継ぎ	1
引き起こし	1
引き金	1
引数	1
引用	1
張っ	1
強い	1
強制	1
強固	1
当たる	1
形態	1
形状	1
役	1
待ち合わせる	1
律	1
後者	1
従っ	1
復号	1
忘れ	1
応用	1
念	1
思い	1
思想	1
急激	1
悩まさ	1
悪く	1
悪影響	1
悲観	1
感情	1
懸念	1
手間	1
扱わ	1
技能	1
投資	1
折り返し	1
担い	1
担う	1
担っ	1
招き	1
指し示す	1
指す	1
指導	1
指針	1
挑戦	1
振り分ける	1
捉え	1
採	1
探さ	1
接点	1
推奨	1
推進	1
措置	1
掲載	1
提案	1
損なう	1
損傷	1
搭載	1
携帯	1
政府	1
教員	1
教師	1
数式	1
数種類	1
整数	1
文房具	1
料金	1
新しい	1
新設	1
施し	1
日々	1
日本語	1
映像	1
是正	1
書い	1
書き出す	1
最	1
最低限	1
最大	1
最小	1
月	1
月次	1
有力	1
有名	1
望ましい	1
木	1
未来	1
未然	1
未知	1
本来	1
本番	1
来	1
来る	1
杯	1
果たす	1
枠	1
柔軟	1
極めて	1
権	1
樹	1
機	1
機械	1
欠席	1
次々	1
次項	1
正	1
正し	1
正しい	1
正比例	1
残ら	1
段	1
毎回	1
比べる	1
気	1
気づか	1
決まり	1
洗練	1
活発	1
活躍	1
流れる	1
海外	1
浸透	1
消え	1
消しゴム	1
深	1
混乱	1
混在	1
済	1
済ませる	1
済む	1
渋滞	1
減る	1
減少	1
減額	1
無くし	1
無秩序	1
焦点	1
照合	1
煩雑	1
片方	1
特価	1
犠牲	1
犯	1
犯罪	1
状	1
狙っ	1
現実	1
理論	1
用いれ	1
用件	1
男	1
界	1
番	1
異なれ	1
異動	1
異変	1
疎通	1
発信	1
発売	1
発散	1
発注	1
発達	1
目指	1
直訳	1
相対	1
相手	1
相違	1
省	1
省ける	1
真偽	1
知ら	1
短い	1
短縮	1
確保	1
確率	1
示さ	1
科学	1
称する	1
移動	1
程度	1
種々	1
積極	1
空き	1
立っ	1
立てる	1
端	1
端末	1
筆	1
等しく	1
簡略	1
米国	1
系統	1
素早く	1
細目	1
紹介	1
終わっ	1
組み	1
組み入れる	1
組み込む	1
経済	1
結ば	1
結べ	1
統合	1
統括	1
継承	1
継続	1
総じて	1
緩やか	1
緩和	1
練習	1
縮退	1
繋がる	1
置き	1
置換	1
耐	1
肥大	1
能力	1
脅かす	1
自ずと	1
自体	1
興味	1
良く	1
英和	1
著しく	1
行き	1
行動	1
行政	1
衝突	1
表さ	1
表す	1
表操作	1
被害	1
補完	1
複数個	1
要約	1
見せる	1
見受け	1
見直し	1
見込め	1
見通し	1
視覚	1
覚える	1
観点	1
角	1
解く	1
解説	1
解読	1
言い換え	1
言え	1
記し	1
記す	1
記法	1
設備	1
許す	1
評判	1
試し	1
認定	1
認知	1
読み取ら	1
読み取れ	1
読み方	1
読み書き	1
読み替え	1
読み替える	1
読み込み	1
講じる	1
責務	1
購入	1
起こり	1
起点	1
越し	1
踏む	1
転がす	1
転記	1
近	1
近い	1
返さ	1
述べ	1
追い風	1
追う	1
追記	1
送り	1
逐一	1
逐次	1
通り	1
速	1
連続	1
進む	1
進展	1
遅刻	1
道具	1
達成	1
遠く	1
遷移	1
選定	1
都度	1
金融	1
金銭	1
鈴木	1
長	1
長い	1
長期	1
閉路	1
関与	1
関連付け	1
閾値	1
限っ	1
除く	1
除算	1
隠れ	1
難点	1
電話	1
面倒	1
順序	1
預入	1
頭文字	1
頻出	1
題材	1
顕示	1
風評	1
高価	1
（①）、	1
（②）	1
（④）、	1
）.	1
）。②	1
）。③	1
）。④	1
）。⑤	1
＋	1
２つ	1
３	1
３つ	1
Ｘ	1
ｅ	1
